tanggal,wilayah,waktu,cuaca,kelembaban_persen,suhu_derajat_celcius
2017-03-01,Jakarta Timur,Pagi,Hujan Lokal,65 - 95,24 - 32
2017-03-01,Jakarta Barat,Pagi,Hujan Lokal,65 - 95,24 - 32
2017-03-01,Jakarta Selatan,Pagi,Hujan Ringan,65 - 95,24 - 32
2017-03-01,Kepulauan Seribu,Pagi,Cerah Berawan,65 - 95,24 - 32
2017-03-01,Jakarta Pusat,Pagi,Hujan Lokal,65 - 95,24 - 32
2017-03-01,Jakarta Utara,Pagi,Hujan Lokal,65 - 95,24 - 32
2017-03-01,Jakarta Timur,Siang,Berawan Tebal,65 - 95,24 - 32
2017-03-01,Jakarta Barat,Siang,Berawan,65 - 95,24 - 32
2017-03-01,Jakarta Selatan,Siang,Hujan Lokal,65 - 95,24 - 32
2017-03-01,Kepulauan Seribu,Siang,Berawan Tebal,65 - 95,24 - 32
2017-03-01,Jakarta Pusat,Siang,Berawan,65 - 95,24 - 32
2017-03-01,Jakarta Utara,Siang,Berawan Tebal,65 - 95,24 - 32
2017-03-01,Jakarta Timur,Malam,Berawan,65 - 95,24 - 32
2017-03-01,Jakarta Barat,Malam,Cerah Berawan,65 - 95,24 - 32
2017-03-01,Jakarta Selatan,Malam,Berawan,65 - 95,24 - 32
2017-03-01,Kepulauan Seribu,Malam,Hujan Lokal,65 - 95,24 - 32
2017-03-01,Jakarta Pusat,Malam,Berawan,65 - 95,24 - 32
2017-03-01,Jakarta Utara,Malam,Berawan,65 - 95,24 - 32
2017-03-01,Jakarta Timur,Dini Hari,Berawan,65 - 95,24 - 32
2017-03-01,Jakarta Barat,Dini Hari,Berawan,65 - 95,24 - 32
2017-03-01,Jakarta Selatan,Dini Hari,Berawan,65 - 95,24 - 32
2017-03-01,Kepulauan Seribu,Dini Hari,Berawan,65 - 95,24 - 32
2017-03-01,Jakarta Pusat,Dini Hari,Berawan Tebal,65 - 95,24 - 32
2017-03-01,Jakarta Utara,Dini Hari,Berawan Tebal,65 - 95,24 - 32
2017-03-02,Jakarta Timur,Pagi,Hujan Petir,70 - 95,24 - 32
2017-03-02,Jakarta Barat,Pagi,Hujan Ringan,70 - 95,24 - 32
2017-03-02,Jakarta Selatan,Pagi,Hujan Petir,70 - 95,24 - 32
2017-03-02,Kepulauan Seribu,Pagi,Berawan Tebal,70 - 95,24 - 32
2017-03-02,Jakarta Pusat,Pagi,Hujan Ringan,70 - 95,24 - 32
2017-03-02,Jakarta Utara,Pagi,Hujan Lokal,70 - 95,24 - 32
2017-03-02,Jakarta Timur,Siang,Hujan Sedang,70 - 95,24 - 32
2017-03-02,Jakarta Barat,Siang,Hujan Ringan,70 - 95,24 - 32
2017-03-02,Jakarta Selatan,Siang,Hujan Sedang,70 - 95,24 - 32
2017-03-02,Kepulauan Seribu,Siang,Berawan Tebal,70 - 95,24 - 32
2017-03-02,Jakarta Pusat,Siang,Hujan Ringan,70 - 95,24 - 32
2017-03-02,Jakarta Utara,Siang,Hujan Ringan,70 - 95,24 - 32
2017-03-02,Jakarta Timur,Malam,Hujan Ringan,70 - 95,24 - 32
2017-03-02,Jakarta Barat,Malam,Hujan Ringan,70 - 95,24 - 32
2017-03-02,Jakarta Selatan,Malam,Hujan Ringan,70 - 95,24 - 32
2017-03-02,Kepulauan Seribu,Malam,Hujan Sedang,70 - 95,24 - 32
2017-03-02,Jakarta Pusat,Malam,Hujan Ringan,70 - 95,24 - 32
2017-03-02,Jakarta Utara,Malam,Hujan Sedang,70 - 95,24 - 32
2017-03-02,Jakarta Timur,Dini Hari,Cerah Berawan,70 - 95,24 - 32
2017-03-02,Jakarta Barat,Dini Hari,Cerah Berawan,70 - 95,24 - 32
2017-03-02,Jakarta Selatan,Dini Hari,Cerah Berawan,70 - 95,24 - 32
2017-03-02,Kepulauan Seribu,Dini Hari,Hujan Lokal,70 - 95,24 - 32
2017-03-02,Jakarta Pusat,Dini Hari,Berawan,70 - 95,24 - 32
2017-03-02,Jakarta Utara,Dini Hari,Berawan,70 - 95,24 - 32
2017-03-03,Jakarta Timur,Pagi,Hujan Ringan,85 - 95,23 - 32
2017-03-03,Jakarta Barat,Pagi,Hujan Sedang,85 - 95,23 - 32
2017-03-03,Jakarta Selatan,Pagi,Hujan Petir,85 - 95,23 - 32
2017-03-03,Kepulauan Seribu,Pagi,Hujan Ringan,85 - 95,23 - 32
2017-03-03,Jakarta Pusat,Pagi,Hujan Ringan,85 - 95,23 - 32
2017-03-03,Jakarta Utara,Pagi,Hujan Ringan,85 - 95,23 - 32
2017-03-03,Jakarta Timur,Siang,Hujan Lokal,85 - 95,23 - 32
2017-03-03,Jakarta Barat,Siang,Hujan Sedang,85 - 95,23 - 32
2017-03-03,Jakarta Selatan,Siang,Hujan Sedang,85 - 95,23 - 32
2017-03-03,Kepulauan Seribu,Siang,Hujan Lokal,85 - 95,23 - 32
2017-03-03,Jakarta Pusat,Siang,Hujan Lokal,85 - 95,23 - 32
2017-03-03,Jakarta Utara,Siang,Hujan Ringan,85 - 95,23 - 32
2017-03-03,Jakarta Timur,Malam,Berawan,85 - 95,23 - 32
2017-03-03,Jakarta Barat,Malam,Berawan Tebal,85 - 95,23 - 32
2017-03-03,Jakarta Selatan,Malam,Berawan,85 - 95,23 - 32
2017-03-03,Kepulauan Seribu,Malam,Hujan Lokal,85 - 95,23 - 32
2017-03-03,Jakarta Pusat,Malam,Berawan Tebal,85 - 95,23 - 32
2017-03-03,Jakarta Utara,Malam,Hujan Ringan,85 - 95,23 - 32
2017-03-03,Jakarta Timur,Dini Hari,Berawan Tebal,85 - 95,23 - 32
2017-03-03,Jakarta Barat,Dini Hari,Berawan Tebal,85 - 95,23 - 32
2017-03-03,Jakarta Selatan,Dini Hari,Berawan Tebal,85 - 95,23 - 32
2017-03-03,Kepulauan Seribu,Dini Hari,Hujan Ringan,85 - 95,23 - 32
2017-03-03,Jakarta Pusat,Dini Hari,Berawan Tebal,85 - 95,23 - 32
2017-03-03,Jakarta Utara,Dini Hari,Berawan Tebal,85 - 95,23 - 32
2017-03-04,Jakarta Timur,Pagi,Hujan Petir,60 - 100,24 - 32
2017-03-04,Jakarta Barat,Pagi,Hujan Sedang,60 - 100,24 - 32
2017-03-04,Jakarta Selatan,Pagi,Hujan Petir,60 - 100,24 - 32
2017-03-04,Kepulauan Seribu,Pagi,Hujan Ringan,60 - 100,24 - 32
2017-03-04,Jakarta Pusat,Pagi,Hujan Sedang,60 - 100,24 - 32
2017-03-04,Jakarta Utara,Pagi,Hujan Ringan,60 - 100,24 - 32
2017-03-04,Jakarta Timur,Siang,Hujan Lokal,60 - 100,24 - 32
2017-03-04,Jakarta Barat,Siang,Hujan Ringan,60 - 100,24 - 32
2017-03-04,Jakarta Selatan,Siang,Hujan Ringan,60 - 100,24 - 32
2017-03-04,Kepulauan Seribu,Siang,Hujan Lokal,60 - 100,24 - 32
2017-03-04,Jakarta Pusat,Siang,Hujan Lokal,60 - 100,24 - 32
2017-03-04,Jakarta Utara,Siang,Hujan Lokal,60 - 100,24 - 32
2017-03-04,Jakarta Timur,Malam,Cerah Berawan,60 - 100,24 - 32
2017-03-04,Jakarta Barat,Malam,Hujan Lokal,60 - 100,24 - 32
2017-03-04,Jakarta Selatan,Malam,Cerah Berawan,60 - 100,24 - 32
2017-03-04,Kepulauan Seribu,Malam,Hujan Sedang,60 - 100,24 - 32
2017-03-04,Jakarta Pusat,Malam,Hujan Lokal,60 - 100,24 - 32
2017-03-04,Jakarta Utara,Malam,Hujan Ringan,60 - 100,24 - 32
2017-03-04,Jakarta Timur,Dini Hari,Cerah Berawan,60 - 100,24 - 32
2017-03-04,Jakarta Barat,Dini Hari,Berawan,60 - 100,24 - 32
2017-03-04,Jakarta Selatan,Dini Hari,Cerah Berawan,60 - 100,24 - 32
2017-03-04,Kepulauan Seribu,Dini Hari,Hujan Ringan,60 - 100,24 - 32
2017-03-04,Jakarta Pusat,Dini Hari,Cerah Berawan,60 - 100,24 - 32
2017-03-04,Jakarta Utara,Dini Hari,Cerah Berawan,60 - 100,24 - 32
2017-03-05,Jakarta Timur,Pagi,Hujan Ringan,65 - 95,23 - 31
2017-03-05,Jakarta Barat,Pagi,Hujan Lokal,65 - 95,23 - 31
2017-03-05,Jakarta Selatan,Pagi,Hujan Ringan,65 - 95,23 - 31
2017-03-05,Kepulauan Seribu,Pagi,Berawan,65 - 95,23 - 31
2017-03-05,Jakarta Pusat,Pagi,Hujan Lokal,65 - 95,23 - 31
2017-03-05,Jakarta Utara,Pagi,Hujan Lokal,65 - 95,23 - 31
2017-03-05,Jakarta Timur,Siang,Hujan Ringan,65 - 95,23 - 31
2017-03-05,Jakarta Barat,Siang,Hujan Ringan,65 - 95,23 - 31
2017-03-05,Jakarta Selatan,Siang,Hujan Ringan,65 - 95,23 - 31
2017-03-05,Kepulauan Seribu,Siang,Hujan Ringan,65 - 95,23 - 31
2017-03-05,Jakarta Pusat,Siang,Hujan Ringan,65 - 95,23 - 31
2017-03-05,Jakarta Utara,Siang,Hujan Sedang,65 - 95,23 - 31
2017-03-05,Jakarta Timur,Malam,Hujan Sedang,65 - 95,23 - 31
2017-03-05,Jakarta Barat,Malam,Hujan Ringan,65 - 95,23 - 31
2017-03-05,Jakarta Selatan,Malam,Hujan Sedang,65 - 95,23 - 31
2017-03-05,Kepulauan Seribu,Malam,Hujan Petir,65 - 95,23 - 31
2017-03-05,Jakarta Pusat,Malam,Hujan Ringan,65 - 95,23 - 31
2017-03-05,Jakarta Utara,Malam,Hujan Ringan,65 - 95,23 - 31
2017-03-05,Jakarta Timur,Dini Hari,Cerah Berawan,65 - 95,23 - 31
2017-03-05,Jakarta Barat,Dini Hari,Cerah Berawan,65 - 95,23 - 31
2017-03-05,Jakarta Selatan,Dini Hari,Cerah Berawan,65 - 95,23 - 31
2017-03-05,Kepulauan Seribu,Dini Hari,Cerah Berawan,65 - 95,23 - 31
2017-03-05,Jakarta Pusat,Dini Hari,Cerah Berawan,65 - 95,23 - 31
2017-03-05,Jakarta Utara,Dini Hari,Cerah Berawan,65 - 95,23 - 31
2017-03-06,Jakarta Timur,Pagi,Hujan Ringan,65 - 90,25 - 32
2017-03-06,Jakarta Barat,Pagi,Hujan Lokal,65 - 90,25 - 32
2017-03-06,Jakarta Selatan,Pagi,Hujan Ringan,65 - 90,25 - 32
2017-03-06,Kepulauan Seribu,Pagi,Berawan,65 - 90,25 - 32
2017-03-06,Jakarta Pusat,Pagi,Hujan Lokal,65 - 90,25 - 32
2017-03-06,Jakarta Utara,Pagi,Hujan Lokal,65 - 90,25 - 32
2017-03-06,Jakarta Timur,Siang,Hujan Sedang,65 - 90,25 - 32
2017-03-06,Jakarta Barat,Siang,Hujan Lokal,65 - 90,25 - 32
2017-03-06,Jakarta Selatan,Siang,Hujan Petir,65 - 90,25 - 32
2017-03-06,Kepulauan Seribu,Siang,Hujan Petir,65 - 90,25 - 32
2017-03-06,Jakarta Pusat,Siang,Hujan Lokal,65 - 90,25 - 32
2017-03-06,Jakarta Utara,Siang,Hujan Ringan,65 - 90,25 - 32
2017-03-06,Jakarta Timur,Malam,Hujan Ringan,65 - 90,25 - 32
2017-03-06,Jakarta Barat,Malam,Hujan Ringan,65 - 90,25 - 32
2017-03-06,Jakarta Selatan,Malam,Hujan Lokal,65 - 90,25 - 32
2017-03-06,Kepulauan Seribu,Malam,Hujan Petir,65 - 90,25 - 32
2017-03-06,Jakarta Pusat,Malam,Hujan Ringan,65 - 90,25 - 32
2017-03-06,Jakarta Utara,Malam,Hujan Sedang,65 - 90,25 - 32
2017-03-06,Jakarta Timur,Dini Hari,Cerah Berawan,65 - 90,25 - 32
2017-03-06,Jakarta Barat,Dini Hari,Cerah Berawan,65 - 90,25 - 32
2017-03-06,Jakarta Selatan,Dini Hari,Cerah Berawan,65 - 90,25 - 32
2017-03-06,Kepulauan Seribu,Dini Hari,Cerah Berawan,65 - 90,25 - 32
2017-03-06,Jakarta Pusat,Dini Hari,Cerah Berawan,65 - 90,25 - 32
2017-03-06,Jakarta Utara,Dini Hari,Cerah Berawan,65 - 90,25 - 32
2017-03-07,Jakarta Timur,Pagi,Hujan Petir,95 - 95,24 - 30
2017-03-07,Jakarta Barat,Pagi,Hujan Petir,95 - 95,24 - 30
2017-03-07,Jakarta Selatan,Pagi,Hujan Petir,95 - 95,24 - 30
2017-03-07,Kepulauan Seribu,Pagi,Hujan Ringan,95 - 95,24 - 30
2017-03-07,Jakarta Pusat,Pagi,Hujan Lokal,95 - 95,24 - 30
2017-03-07,Jakarta Utara,Pagi,Hujan Ringan,95 - 95,24 - 30
2017-03-07,Jakarta Timur,Siang,Hujan Lokal,95 - 95,24 - 30
2017-03-07,Jakarta Barat,Siang,Hujan Petir,95 - 95,24 - 30
2017-03-07,Jakarta Selatan,Siang,Hujan Lokal,95 - 95,24 - 30
2017-03-07,Kepulauan Seribu,Siang,Hujan Sedang,95 - 95,24 - 30
2017-03-07,Jakarta Pusat,Siang,Hujan Lokal,95 - 95,24 - 30
2017-03-07,Jakarta Utara,Siang,Hujan Ringan,95 - 95,24 - 30
2017-03-07,Jakarta Timur,Malam,Berawan Tebal,95 - 95,24 - 30
2017-03-07,Jakarta Barat,Malam,Hujan Lokal,95 - 95,24 - 30
2017-03-07,Jakarta Selatan,Malam,Berawan Tebal,95 - 95,24 - 30
2017-03-07,Kepulauan Seribu,Malam,Hujan Petir,95 - 95,24 - 30
2017-03-07,Jakarta Pusat,Malam,Hujan Lokal,95 - 95,24 - 30
2017-03-07,Jakarta Utara,Malam,Hujan Lokal,95 - 95,24 - 30
2017-03-07,Jakarta Timur,Dini Hari,Hujan Ringan,95 - 95,24 - 30
2017-03-07,Jakarta Barat,Dini Hari,Berawan Tebal,95 - 95,24 - 30
2017-03-07,Jakarta Selatan,Dini Hari,Berawan Tebal,95 - 95,24 - 30
2017-03-07,Kepulauan Seribu,Dini Hari,Hujan Ringan,95 - 95,24 - 30
2017-03-07,Jakarta Pusat,Dini Hari,Hujan Ringan,95 - 95,24 - 30
2017-03-07,Jakarta Utara,Dini Hari,Hujan Sedang,95 - 95,24 - 30
2017-03-08,Jakarta Timur,Pagi,Hujan Ringan,70 - 95,23 - 33
2017-03-08,Jakarta Barat,Pagi,Hujan Lokal,70 - 95,23 - 33
2017-03-08,Jakarta Selatan,Pagi,Hujan Ringan,70 - 95,23 - 33
2017-03-08,Kepulauan Seribu,Pagi,Berawan Tebal,70 - 95,23 - 33
2017-03-08,Jakarta Pusat,Pagi,Hujan Lokal,70 - 95,23 - 33
2017-03-08,Jakarta Utara,Pagi,Hujan Lokal,70 - 95,23 - 33
2017-03-08,Jakarta Timur,Siang,Berawan,70 - 95,23 - 33
2017-03-08,Jakarta Barat,Siang,Hujan Lokal,70 - 95,23 - 33
2017-03-08,Jakarta Selatan,Siang,Berawan,70 - 95,23 - 33
2017-03-08,Kepulauan Seribu,Siang,Hujan Lokal,70 - 95,23 - 33
2017-03-08,Jakarta Pusat,Siang,Hujan Lokal,70 - 95,23 - 33
2017-03-08,Jakarta Utara,Siang,Hujan Lokal,70 - 95,23 - 33
2017-03-08,Jakarta Timur,Malam,Berawan Tebal,70 - 95,23 - 33
2017-03-08,Jakarta Barat,Malam,Berawan Tebal,70 - 95,23 - 33
2017-03-08,Jakarta Selatan,Malam,Berawan Tebal,70 - 95,23 - 33
2017-03-08,Kepulauan Seribu,Malam,Hujan Lokal,70 - 95,23 - 33
2017-03-08,Jakarta Pusat,Malam,Berawan Tebal,70 - 95,23 - 33
2017-03-08,Jakarta Utara,Malam,Berawan Tebal,70 - 95,23 - 33
2017-03-08,Jakarta Timur,Dini Hari,Berawan Tebal,70 - 95,23 - 33
2017-03-08,Jakarta Barat,Dini Hari,Hujan Lokal,70 - 95,23 - 33
2017-03-08,Jakarta Selatan,Dini Hari,Berawan Tebal,70 - 95,23 - 33
2017-03-08,Kepulauan Seribu,Dini Hari,Hujan Ringan,70 - 95,23 - 33
2017-03-08,Jakarta Pusat,Dini Hari,Hujan Lokal,70 - 95,23 - 33
2017-03-08,Jakarta Utara,Dini Hari,Hujan Lokal,70 - 95,23 - 33
2017-03-09,Jakarta Timur,Pagi,Hujan Ringan,65 - 90,24 - 32
2017-03-09,Jakarta Barat,Pagi,Hujan Ringan,65 - 90,24 - 32
2017-03-09,Jakarta Selatan,Pagi,Hujan Ringan,65 - 90,24 - 32
2017-03-09,Kepulauan Seribu,Pagi,Cerah Berawan,65 - 90,24 - 32
2017-03-09,Jakarta Pusat,Pagi,Berawan,65 - 90,24 - 32
2017-03-09,Jakarta Utara,Pagi,Berawan,65 - 90,24 - 32
2017-03-09,Jakarta Timur,Siang,Berawan Tebal,65 - 90,24 - 32
2017-03-09,Jakarta Barat,Siang,Berawan,65 - 90,24 - 32
2017-03-09,Jakarta Selatan,Siang,Hujan Ringan,65 - 90,24 - 32
2017-03-09,Kepulauan Seribu,Siang,Hujan Ringan,65 - 90,24 - 32
2017-03-09,Jakarta Pusat,Siang,Berawan Tebal,65 - 90,24 - 32
2017-03-09,Jakarta Utara,Siang,Berawan Tebal,65 - 90,24 - 32
2017-03-09,Jakarta Timur,Malam,Hujan Lokal,65 - 90,24 - 32
2017-03-09,Jakarta Barat,Malam,Hujan Lokal,65 - 90,24 - 32
2017-03-09,Jakarta Selatan,Malam,Berawan,65 - 90,24 - 32
2017-03-09,Kepulauan Seribu,Malam,Hujan Ringan,65 - 90,24 - 32
2017-03-09,Jakarta Pusat,Malam,Hujan Lokal,65 - 90,24 - 32
2017-03-09,Jakarta Utara,Malam,Hujan Ringan,65 - 90,24 - 32
2017-03-09,Jakarta Timur,Dini Hari,Berawan,65 - 90,24 - 32
2017-03-09,Jakarta Barat,Dini Hari,Berawan,65 - 90,24 - 32
2017-03-09,Jakarta Selatan,Dini Hari,Berawan,65 - 90,24 - 32
2017-03-09,Kepulauan Seribu,Dini Hari,Hujan Lokal,65 - 90,24 - 32
2017-03-09,Jakarta Pusat,Dini Hari,Berawan,65 - 90,24 - 32
2017-03-09,Jakarta Utara,Dini Hari,Berawan,65 - 90,24 - 32
2017-03-10,Jakarta Timur,Pagi,Hujan Ringan,55 - 90,23 - 33
2017-03-10,Jakarta Barat,Pagi,Hujan Ringan,55 - 90,23 - 33
2017-03-10,Jakarta Selatan,Pagi,Hujan Ringan,55 - 90,23 - 33
2017-03-10,Kepulauan Seribu,Pagi,Cerah Berawan,55 - 90,23 - 33
2017-03-10,Jakarta Pusat,Pagi,Berawan,55 - 90,23 - 33
2017-03-10,Jakarta Utara,Pagi,Berawan,55 - 90,23 - 33
2017-03-10,Jakarta Timur,Siang,Hujan Lokal,55 - 90,23 - 33
2017-03-10,Jakarta Barat,Siang,Hujan Lokal,55 - 90,23 - 33
2017-03-10,Jakarta Selatan,Siang,Hujan Ringan,55 - 90,23 - 33
2017-03-10,Kepulauan Seribu,Siang,Hujan Ringan,55 - 90,23 - 33
2017-03-10,Jakarta Pusat,Siang,Hujan Lokal,55 - 90,23 - 33
2017-03-10,Jakarta Utara,Siang,Berawan Tebal,55 - 90,23 - 33
2017-03-10,Jakarta Timur,Malam,Hujan Lokal,55 - 90,23 - 33
2017-03-10,Jakarta Barat,Malam,Hujan Lokal,55 - 90,23 - 33
2017-03-10,Jakarta Selatan,Malam,Berawan,55 - 90,23 - 33
2017-03-10,Kepulauan Seribu,Malam,Hujan Ringan,55 - 90,23 - 33
2017-03-10,Jakarta Pusat,Malam,Hujan Lokal,55 - 90,23 - 33
2017-03-10,Jakarta Utara,Malam,Hujan Ringan,55 - 90,23 - 33
2017-03-10,Jakarta Timur,Dini Hari,Berawan,55 - 90,23 - 33
2017-03-10,Jakarta Barat,Dini Hari,Berawan,55 - 90,23 - 33
2017-03-10,Jakarta Selatan,Dini Hari,Berawan,55 - 90,23 - 33
2017-03-10,Kepulauan Seribu,Dini Hari,Hujan Lokal,55 - 90,23 - 33
2017-03-10,Jakarta Pusat,Dini Hari,Berawan,55 - 90,23 - 33
2017-03-10,Jakarta Utara,Dini Hari,Berawan,55 - 90,23 - 33
2017-03-11,Jakarta Timur,Pagi,Hujan Ringan,55 - 95,24 - 32
2017-03-11,Jakarta Barat,Pagi,Hujan Ringan,55 - 95,24 - 32
2017-03-11,Jakarta Selatan,Pagi,Hujan Sedang,55 - 95,24 - 32
2017-03-11,Kepulauan Seribu,Pagi,Berawan,55 - 95,24 - 32
2017-03-11,Jakarta Pusat,Pagi,Hujan Lokal,55 - 95,24 - 32
2017-03-11,Jakarta Utara,Pagi,Cerah Berawan,55 - 95,24 - 32
2017-03-11,Jakarta Timur,Siang,Hujan Lokal,55 - 95,24 - 32
2017-03-11,Jakarta Barat,Siang,Berawan,55 - 95,24 - 32
2017-03-11,Jakarta Selatan,Siang,Hujan Lokal,55 - 95,24 - 32
2017-03-11,Kepulauan Seribu,Siang,Berawan Tebal,55 - 95,24 - 32
2017-03-11,Jakarta Pusat,Siang,Berawan Tebal,55 - 95,24 - 32
2017-03-11,Jakarta Utara,Siang,Berawan Tebal,55 - 95,24 - 32
2017-03-11,Jakarta Timur,Malam,Berawan,55 - 95,24 - 32
2017-03-11,Jakarta Barat,Malam,Berawan,55 - 95,24 - 32
2017-03-11,Jakarta Selatan,Malam,Berawan,55 - 95,24 - 32
2017-03-11,Kepulauan Seribu,Malam,Berawan,55 - 95,24 - 32
2017-03-11,Jakarta Pusat,Malam,Cerah Berawan,55 - 95,24 - 32
2017-03-11,Jakarta Utara,Malam,Cerah Berawan,55 - 95,24 - 32
2017-03-11,Jakarta Timur,Dini Hari,Berawan,55 - 95,24 - 32
2017-03-11,Jakarta Barat,Dini Hari,Cerah Berawan,55 - 95,24 - 32
2017-03-11,Jakarta Selatan,Dini Hari,Berawan,55 - 95,24 - 32
2017-03-11,Kepulauan Seribu,Dini Hari,Hujan Lokal,55 - 95,24 - 32
2017-03-11,Jakarta Pusat,Dini Hari,Berawan,55 - 95,24 - 32
2017-03-11,Jakarta Utara,Dini Hari,Berawan,55 - 95,24 - 32
2017-03-12,Jakarta Timur,Pagi,Hujan Ringan,65 - 95,24 - 33
2017-03-12,Jakarta Barat,Pagi,Hujan Ringan,65 - 95,24 - 33
2017-03-12,Jakarta Selatan,Pagi,Hujan Sedang,65 - 95,24 - 33
2017-03-12,Kepulauan Seribu,Pagi,Berawan,65 - 95,24 - 33
2017-03-12,Jakarta Pusat,Pagi,Hujan Lokal,65 - 95,24 - 33
2017-03-12,Jakarta Utara,Pagi,Cerah Berawan,65 - 95,24 - 33
2017-03-12,Jakarta Timur,Siang,Hujan Ringan,65 - 95,24 - 33
2017-03-12,Jakarta Barat,Siang,Hujan Ringan,65 - 95,24 - 33
2017-03-12,Jakarta Selatan,Siang,Hujan Ringan,65 - 95,24 - 33
2017-03-12,Kepulauan Seribu,Siang,Berawan Tebal,65 - 95,24 - 33
2017-03-12,Jakarta Pusat,Siang,Hujan Ringan,65 - 95,24 - 33
2017-03-12,Jakarta Utara,Siang,Hujan Ringan,65 - 95,24 - 33
2017-03-12,Jakarta Timur,Malam,Berawan,65 - 95,24 - 33
2017-03-12,Jakarta Barat,Malam,Berawan,65 - 95,24 - 33
2017-03-12,Jakarta Selatan,Malam,Berawan,65 - 95,24 - 33
2017-03-12,Kepulauan Seribu,Malam,Berawan,65 - 95,24 - 33
2017-03-12,Jakarta Pusat,Malam,Cerah Berawan,65 - 95,24 - 33
2017-03-12,Jakarta Utara,Malam,Cerah Berawan,65 - 95,24 - 33
2017-03-12,Jakarta Timur,Dini Hari,Berawan,65 - 95,24 - 33
2017-03-12,Jakarta Barat,Dini Hari,Cerah Berawan,65 - 95,24 - 33
2017-03-12,Jakarta Selatan,Dini Hari,Berawan,65 - 95,24 - 33
2017-03-12,Kepulauan Seribu,Dini Hari,Hujan Lokal,65 - 95,24 - 33
2017-03-12,Jakarta Pusat,Dini Hari,Berawan,65 - 95,24 - 33
2017-03-12,Jakarta Utara,Dini Hari,Berawan,65 - 95,24 - 33
2017-03-13,Jakarta Timur,Pagi,Hujan Lokal,45 - 80,24 - 33
2017-03-13,Jakarta Barat,Pagi,Cerah Berawan,45 - 80,24 - 33
2017-03-13,Jakarta Selatan,Pagi,Hujan Lokal,45 - 80,24 - 33
2017-03-13,Kepulauan Seribu,Pagi,Cerah Berawan,45 - 80,24 - 33
2017-03-13,Jakarta Pusat,Pagi,Hujan Lokal,45 - 80,24 - 33
2017-03-13,Jakarta Utara,Pagi,Cerah Berawan,45 - 80,24 - 33
2017-03-13,Jakarta Timur,Siang,Cerah Berawan,45 - 80,24 - 33
2017-03-13,Jakarta Barat,Siang,Cerah Berawan,45 - 80,24 - 33
2017-03-13,Jakarta Selatan,Siang,Cerah Berawan,45 - 80,24 - 33
2017-03-13,Kepulauan Seribu,Siang,Cerah Berawan,45 - 80,24 - 33
2017-03-13,Jakarta Pusat,Siang,Cerah Berawan,45 - 80,24 - 33
2017-03-13,Jakarta Utara,Siang,Cerah Berawan,45 - 80,24 - 33
2017-03-13,Jakarta Timur,Malam,Cerah,45 - 80,24 - 33
2017-03-13,Jakarta Barat,Malam,Cerah,45 - 80,24 - 33
2017-03-13,Jakarta Selatan,Malam,Cerah,45 - 80,24 - 33
2017-03-13,Kepulauan Seribu,Malam,Cerah Berawan,45 - 80,24 - 33
2017-03-13,Jakarta Pusat,Malam,Cerah Berawan,45 - 80,24 - 33
2017-03-13,Jakarta Utara,Malam,Cerah Berawan,45 - 80,24 - 33
2017-03-13,Jakarta Timur,Dini Hari,Cerah,45 - 80,24 - 33
2017-03-13,Jakarta Barat,Dini Hari,Cerah,45 - 80,24 - 33
2017-03-13,Jakarta Selatan,Dini Hari,Cerah,45 - 80,24 - 33
2017-03-13,Kepulauan Seribu,Dini Hari,Cerah Berawan,45 - 80,24 - 33
2017-03-13,Jakarta Pusat,Dini Hari,Cerah,45 - 80,24 - 33
2017-03-13,Jakarta Utara,Dini Hari,Cerah,45 - 80,24 - 33
2017-03-14,Jakarta Timur,Pagi,Cerah Berawan,60 - 90,25 - 33
2017-03-14,Jakarta Barat,Pagi,Cerah Berawan,60 - 90,25 - 33
2017-03-14,Jakarta Selatan,Pagi,Cerah Berawan,60 - 90,25 - 33
2017-03-14,Kepulauan Seribu,Pagi,Cerah Berawan,60 - 90,25 - 33
2017-03-14,Jakarta Pusat,Pagi,Cerah Berawan,60 - 90,25 - 33
2017-03-14,Jakarta Utara,Pagi,Cerah Berawan,60 - 90,25 - 33
2017-03-14,Jakarta Timur,Siang,Cerah Berawan,60 - 90,25 - 33
2017-03-14,Jakarta Barat,Siang,Cerah Berawan,60 - 90,25 - 33
2017-03-14,Jakarta Selatan,Siang,Cerah Berawan,60 - 90,25 - 33
2017-03-14,Kepulauan Seribu,Siang,Cerah Berawan,60 - 90,25 - 33
2017-03-14,Jakarta Pusat,Siang,Cerah Berawan,60 - 90,25 - 33
2017-03-14,Jakarta Utara,Siang,Cerah Berawan,60 - 90,25 - 33
2017-03-14,Jakarta Timur,Malam,Cerah,60 - 90,25 - 33
2017-03-14,Jakarta Barat,Malam,Cerah,60 - 90,25 - 33
2017-03-14,Jakarta Selatan,Malam,Cerah,60 - 90,25 - 33
2017-03-14,Kepulauan Seribu,Malam,Cerah Berawan,60 - 90,25 - 33
2017-03-14,Jakarta Pusat,Malam,Cerah Berawan,60 - 90,25 - 33
2017-03-14,Jakarta Utara,Malam,Cerah Berawan,60 - 90,25 - 33
2017-03-14,Jakarta Timur,Dini Hari,Cerah,60 - 90,25 - 33
2017-03-14,Jakarta Barat,Dini Hari,Cerah,60 - 90,25 - 33
2017-03-14,Jakarta Selatan,Dini Hari,Cerah,60 - 90,25 - 33
2017-03-14,Kepulauan Seribu,Dini Hari,Cerah Berawan,60 - 90,25 - 33
2017-03-14,Jakarta Pusat,Dini Hari,Cerah,60 - 90,25 - 33
2017-03-14,Jakarta Utara,Dini Hari,Cerah,60 - 90,25 - 33
2017-03-16,Jakarta Timur,Pagi,Hujan Lokal,60 - 90,24 - 33
2017-03-16,Jakarta Barat,Pagi,Hujan Lokal,60 - 90,24 - 33
2017-03-16,Jakarta Selatan,Pagi,Hujan Ringan,60 - 90,24 - 33
2017-03-16,Kepulauan Seribu,Pagi,Cerah Berawan,60 - 90,24 - 33
2017-03-16,Jakarta Pusat,Pagi,Hujan Lokal,60 - 90,24 - 33
2017-03-16,Jakarta Utara,Pagi,Hujan Lokal,60 - 90,24 - 33
2017-03-16,Jakarta Timur,Siang,Hujan Lokal,60 - 90,24 - 33
2017-03-16,Jakarta Barat,Siang,Hujan Lokal,60 - 90,24 - 33
2017-03-16,Jakarta Selatan,Siang,Hujan Lokal,60 - 90,24 - 33
2017-03-16,Kepulauan Seribu,Siang,Berawan,60 - 90,24 - 33
2017-03-16,Jakarta Pusat,Siang,Berawan,60 - 90,24 - 33
2017-03-16,Jakarta Utara,Siang,Berawan,60 - 90,24 - 33
2017-03-16,Jakarta Timur,Malam,Cerah Berawan,60 - 90,24 - 33
2017-03-16,Jakarta Barat,Malam,Cerah Berawan,60 - 90,24 - 33
2017-03-16,Jakarta Selatan,Malam,Cerah Berawan,60 - 90,24 - 33
2017-03-16,Kepulauan Seribu,Malam,Cerah Berawan,60 - 90,24 - 33
2017-03-16,Jakarta Pusat,Malam,Cerah Berawan,60 - 90,24 - 33
2017-03-16,Jakarta Utara,Malam,Cerah Berawan,60 - 90,24 - 33
2017-03-16,Jakarta Timur,Dini Hari,Cerah Berawan,60 - 90,24 - 33
2017-03-16,Jakarta Barat,Dini Hari,Cerah Berawan,60 - 90,24 - 33
2017-03-16,Jakarta Selatan,Dini Hari,Cerah Berawan,60 - 90,24 - 33
2017-03-16,Kepulauan Seribu,Dini Hari,Cerah Berawan,60 - 90,24 - 33
2017-03-16,Jakarta Pusat,Dini Hari,Cerah Berawan,60 - 90,24 - 33
2017-03-16,Jakarta Utara,Dini Hari,Cerah Berawan,60 - 90,24 - 33
2017-03-17,Jakarta Timur,Pagi,Hujan Lokal,65 - 95,24 - 31
2017-03-17,Jakarta Barat,Pagi,Hujan Lokal,65 - 95,24 - 31
2017-03-17,Jakarta Selatan,Pagi,Hujan Ringan,65 - 95,24 - 31
2017-03-17,Kepulauan Seribu,Pagi,Cerah Berawan,65 - 95,24 - 31
2017-03-17,Jakarta Pusat,Pagi,Hujan Lokal,65 - 95,24 - 31
2017-03-17,Jakarta Utara,Pagi,Hujan Lokal,65 - 95,24 - 31
2017-03-17,Jakarta Timur,Siang,Berawan,65 - 95,24 - 31
2017-03-17,Jakarta Barat,Siang,Berawan,65 - 95,24 - 31
2017-03-17,Jakarta Selatan,Siang,Hujan Lokal,65 - 95,24 - 31
2017-03-17,Kepulauan Seribu,Siang,Berawan,65 - 95,24 - 31
2017-03-17,Jakarta Pusat,Siang,Berawan,65 - 95,24 - 31
2017-03-17,Jakarta Utara,Siang,Berawan,65 - 95,24 - 31
2017-03-17,Jakarta Timur,Malam,Cerah Berawan,65 - 95,24 - 31
2017-03-17,Jakarta Barat,Malam,Cerah Berawan,65 - 95,24 - 31
2017-03-17,Jakarta Selatan,Malam,Cerah Berawan,65 - 95,24 - 31
2017-03-17,Kepulauan Seribu,Malam,Cerah Berawan,65 - 95,24 - 31
2017-03-17,Jakarta Pusat,Malam,Cerah Berawan,65 - 95,24 - 31
2017-03-17,Jakarta Utara,Malam,Cerah Berawan,65 - 95,24 - 31
2017-03-17,Jakarta Timur,Dini Hari,Cerah Berawan,65 - 95,24 - 31
2017-03-17,Jakarta Barat,Dini Hari,Cerah Berawan,65 - 95,24 - 31
2017-03-17,Jakarta Selatan,Dini Hari,Cerah Berawan,65 - 95,24 - 31
2017-03-17,Kepulauan Seribu,Dini Hari,Cerah Berawan,65 - 95,24 - 31
2017-03-17,Jakarta Pusat,Dini Hari,Cerah Berawan,65 - 95,24 - 31
2017-03-17,Jakarta Utara,Dini Hari,Cerah Berawan,65 - 95,24 - 31
2017-03-18,Jakarta Timur,Pagi,Hujan Lokal,80 - 95,24 - 33
2017-03-18,Jakarta Barat,Pagi,Hujan Sedang,80 - 95,24 - 33
2017-03-18,Jakarta Selatan,Pagi,Hujan Sedang,80 - 95,24 - 33
2017-03-18,Kepulauan Seribu,Pagi,Hujan Ringan,80 - 95,24 - 33
2017-03-18,Jakarta Pusat,Pagi,Hujan Lokal,80 - 95,24 - 33
2017-03-18,Jakarta Utara,Pagi,Hujan Lokal,80 - 95,24 - 33
2017-03-18,Jakarta Timur,Siang,Berawan Tebal,80 - 95,24 - 33
2017-03-18,Jakarta Barat,Siang,Berawan Tebal,80 - 95,24 - 33
2017-03-18,Jakarta Selatan,Siang,Hujan Ringan,80 - 95,24 - 33
2017-03-18,Kepulauan Seribu,Siang,Berawan Tebal,80 - 95,24 - 33
2017-03-18,Jakarta Pusat,Siang,Berawan Tebal,80 - 95,24 - 33
2017-03-18,Jakarta Utara,Siang,Berawan Tebal,80 - 95,24 - 33
2017-03-18,Jakarta Timur,Malam,Hujan Lokal,80 - 95,24 - 33
2017-03-18,Jakarta Barat,Malam,Berawan Tebal,80 - 95,24 - 33
2017-03-18,Jakarta Selatan,Malam,Berawan Tebal,80 - 95,24 - 33
2017-03-18,Kepulauan Seribu,Malam,Hujan Lokal,80 - 95,24 - 33
2017-03-18,Jakarta Pusat,Malam,Berawan Tebal,80 - 95,24 - 33
2017-03-18,Jakarta Utara,Malam,Hujan Lokal,80 - 95,24 - 33
2017-03-18,Jakarta Timur,Dini Hari,Hujan Sedang,80 - 95,24 - 33
2017-03-18,Jakarta Barat,Dini Hari,Hujan Lokal,80 - 95,24 - 33
2017-03-18,Jakarta Selatan,Dini Hari,Hujan Sedang,80 - 95,24 - 33
2017-03-18,Kepulauan Seribu,Dini Hari,Hujan Sedang,80 - 95,24 - 33
2017-03-18,Jakarta Pusat,Dini Hari,Hujan Lokal,80 - 95,24 - 33
2017-03-18,Jakarta Utara,Dini Hari,Hujan Sedang,80 - 95,24 - 33
2017-03-19,Jakarta Timur,Pagi,Hujan Lokal,75 - 95,24 - 32
2017-03-19,Jakarta Barat,Pagi,Hujan Sedang,75 - 95,24 - 32
2017-03-19,Jakarta Selatan,Pagi,Hujan Sedang,75 - 95,24 - 32
2017-03-19,Kepulauan Seribu,Pagi,Hujan Ringan,75 - 95,24 - 32
2017-03-19,Jakarta Pusat,Pagi,Hujan Lokal,75 - 95,24 - 32
2017-03-19,Jakarta Utara,Pagi,Hujan Lokal,75 - 95,24 - 32
2017-03-19,Jakarta Timur,Siang,Hujan Ringan,75 - 95,24 - 32
2017-03-19,Jakarta Barat,Siang,Hujan Ringan,75 - 95,24 - 32
2017-03-19,Jakarta Selatan,Siang,Hujan Lokal,75 - 95,24 - 32
2017-03-19,Kepulauan Seribu,Siang,Hujan Lokal,75 - 95,24 - 32
2017-03-19,Jakarta Pusat,Siang,Hujan Ringan,75 - 95,24 - 32
2017-03-19,Jakarta Utara,Siang,Hujan Ringan,75 - 95,24 - 32
2017-03-19,Jakarta Timur,Malam,Hujan Lokal,75 - 95,24 - 32
2017-03-19,Jakarta Barat,Malam,Berawan Tebal,75 - 95,24 - 32
2017-03-19,Jakarta Selatan,Malam,Berawan Tebal,75 - 95,24 - 32
2017-03-19,Kepulauan Seribu,Malam,Hujan Lokal,75 - 95,24 - 32
2017-03-19,Jakarta Pusat,Malam,Berawan Tebal,75 - 95,24 - 32
2017-03-19,Jakarta Utara,Malam,Hujan Lokal,75 - 95,24 - 32
2017-03-19,Jakarta Timur,Dini Hari,Hujan Sedang,75 - 95,24 - 32
2017-03-19,Jakarta Barat,Dini Hari,Hujan Lokal,75 - 95,24 - 32
2017-03-19,Jakarta Selatan,Dini Hari,Hujan Sedang,75 - 95,24 - 32
2017-03-19,Kepulauan Seribu,Dini Hari,Hujan Sedang,75 - 95,24 - 32
2017-03-19,Jakarta Pusat,Dini Hari,Hujan Lokal,75 - 95,24 - 32
2017-03-19,Jakarta Utara,Dini Hari,Hujan Sedang,75 - 95,24 - 32
2017-03-20,Jakarta Timur,Pagi,Hujan Lokal,65 - 90,24 - 32
2017-03-20,Jakarta Barat,Pagi,Hujan Lokal,65 - 90,24 - 32
2017-03-20,Jakarta Selatan,Pagi,Hujan Sedang,65 - 90,24 - 32
2017-03-20,Kepulauan Seribu,Pagi,Hujan Ringan,65 - 90,24 - 32
2017-03-20,Jakarta Pusat,Pagi,Hujan Lokal,65 - 90,24 - 32
2017-03-20,Jakarta Utara,Pagi,Hujan Ringan,65 - 90,24 - 32
2017-03-20,Jakarta Timur,Siang,Berawan Tebal,65 - 90,24 - 32
2017-03-20,Jakarta Barat,Siang,Berawan Tebal,65 - 90,24 - 32
2017-03-20,Jakarta Selatan,Siang,Berawan Tebal,65 - 90,24 - 32
2017-03-20,Kepulauan Seribu,Siang,Berawan Tebal,65 - 90,24 - 32
2017-03-20,Jakarta Pusat,Siang,Berawan Tebal,65 - 90,24 - 32
2017-03-20,Jakarta Utara,Siang,Berawan Tebal,65 - 90,24 - 32
2017-03-20,Jakarta Timur,Malam,Hujan Lokal,65 - 90,24 - 32
2017-03-20,Jakarta Barat,Malam,Hujan Lokal,65 - 90,24 - 32
2017-03-20,Jakarta Selatan,Malam,Berawan,65 - 90,24 - 32
2017-03-20,Kepulauan Seribu,Malam,Hujan Lokal,65 - 90,24 - 32
2017-03-20,Jakarta Pusat,Malam,Hujan Lokal,65 - 90,24 - 32
2017-03-20,Jakarta Utara,Malam,Hujan Lokal,65 - 90,24 - 32
2017-03-20,Jakarta Timur,Dini Hari,Hujan Lokal,65 - 90,24 - 32
2017-03-20,Jakarta Barat,Dini Hari,Berawan,65 - 90,24 - 32
2017-03-20,Jakarta Selatan,Dini Hari,Berawan,65 - 90,24 - 32
2017-03-20,Kepulauan Seribu,Dini Hari,Hujan Lokal,65 - 90,24 - 32
2017-03-20,Jakarta Pusat,Dini Hari,Berawan,65 - 90,24 - 32
2017-03-20,Jakarta Utara,Dini Hari,Hujan Lokal,65 - 90,24 - 32
2017-03-21,Jakarta Timur,Pagi,Hujan Ringan,60 - 95,24 - 33
2017-03-21,Jakarta Barat,Pagi,Hujan Ringan,60 - 95,24 - 33
2017-03-21,Jakarta Selatan,Pagi,Hujan Ringan,60 - 95,24 - 33
2017-03-21,Kepulauan Seribu,Pagi,Hujan Petir,60 - 95,24 - 33
2017-03-21,Jakarta Pusat,Pagi,Hujan Lokal,60 - 95,24 - 33
2017-03-21,Jakarta Utara,Pagi,Hujan Lokal,60 - 95,24 - 33
2017-03-21,Jakarta Timur,Siang,Berawan,60 - 95,24 - 33
2017-03-21,Jakarta Barat,Siang,Berawan,60 - 95,24 - 33
2017-03-21,Jakarta Selatan,Siang,Hujan Lokal,60 - 95,24 - 33
2017-03-21,Kepulauan Seribu,Siang,Hujan Ringan,60 - 95,24 - 33
2017-03-21,Jakarta Pusat,Siang,Cerah Berawan,60 - 95,24 - 33
2017-03-21,Jakarta Utara,Siang,Hujan Lokal,60 - 95,24 - 33
2017-03-21,Jakarta Timur,Malam,Berawan Tebal,60 - 95,24 - 33
2017-03-21,Jakarta Barat,Malam,Berawan Tebal,60 - 95,24 - 33
2017-03-21,Jakarta Selatan,Malam,Berawan Tebal,60 - 95,24 - 33
2017-03-21,Kepulauan Seribu,Malam,Hujan Ringan,60 - 95,24 - 33
2017-03-21,Jakarta Pusat,Malam,Berawan,60 - 95,24 - 33
2017-03-21,Jakarta Utara,Malam,Hujan Lokal,60 - 95,24 - 33
2017-03-21,Jakarta Timur,Dini Hari,Berawan Tebal,60 - 95,24 - 33
2017-03-21,Jakarta Barat,Dini Hari,Berawan Tebal,60 - 95,24 - 33
2017-03-21,Jakarta Selatan,Dini Hari,Berawan Tebal,60 - 95,24 - 33
2017-03-21,Kepulauan Seribu,Dini Hari,Berawan Tebal,60 - 95,24 - 33
2017-03-21,Jakarta Pusat,Dini Hari,Berawan Tebal,60 - 95,24 - 33
2017-03-21,Jakarta Utara,Dini Hari,Berawan Tebal,60 - 95,24 - 33
2017-03-22,Jakarta Timur,Pagi,Hujan Lokal,80 - 95,24 - 32
2017-03-22,Jakarta Barat,Pagi,Hujan Lokal,80 - 95,24 - 32
2017-03-22,Jakarta Selatan,Pagi,Hujan Petir,80 - 95,24 - 32
2017-03-22,Kepulauan Seribu,Pagi,Hujan Sedang,80 - 95,24 - 32
2017-03-22,Jakarta Pusat,Pagi,Hujan Lokal,80 - 95,24 - 32
2017-03-22,Jakarta Utara,Pagi,Hujan Sedang,80 - 95,24 - 32
2017-03-22,Jakarta Timur,Siang,Berawan,80 - 95,24 - 32
2017-03-22,Jakarta Barat,Siang,Hujan Petir,80 - 95,24 - 32
2017-03-22,Jakarta Selatan,Siang,Hujan Lokal,80 - 95,24 - 32
2017-03-22,Kepulauan Seribu,Siang,Hujan Petir,80 - 95,24 - 32
2017-03-22,Jakarta Pusat,Siang,Hujan Sedang,80 - 95,24 - 32
2017-03-22,Jakarta Utara,Siang,Hujan Sedang,80 - 95,24 - 32
2017-03-22,Jakarta Timur,Malam,Hujan Ringan,80 - 95,24 - 32
2017-03-22,Jakarta Barat,Malam,Hujan Sedang,80 - 95,24 - 32
2017-03-22,Jakarta Selatan,Malam,Hujan Ringan,80 - 95,24 - 32
2017-03-22,Kepulauan Seribu,Malam,Hujan Ringan,80 - 95,24 - 32
2017-03-22,Jakarta Pusat,Malam,Hujan Ringan,80 - 95,24 - 32
2017-03-22,Jakarta Utara,Malam,Hujan Sedang,80 - 95,24 - 32
2017-03-22,Jakarta Timur,Dini Hari,Berawan Tebal,80 - 95,24 - 32
2017-03-22,Jakarta Barat,Dini Hari,Berawan Tebal,80 - 95,24 - 32
2017-03-22,Jakarta Selatan,Dini Hari,Berawan Tebal,80 - 95,24 - 32
2017-03-22,Kepulauan Seribu,Dini Hari,Hujan Lokal,80 - 95,24 - 32
2017-03-22,Jakarta Pusat,Dini Hari,Berawan Tebal,80 - 95,24 - 32
2017-03-22,Jakarta Utara,Dini Hari,Berawan Tebal,80 - 95,24 - 32
2017-03-23,Jakarta Timur,Pagi,Hujan Petir,70 - 95,24 - 30
2017-03-23,Jakarta Barat,Pagi,Hujan Lokal,70 - 95,24 - 30
2017-03-23,Jakarta Selatan,Pagi,Hujan Petir,70 - 95,24 - 30
2017-03-23,Kepulauan Seribu,Pagi,Berawan Tebal,70 - 95,24 - 30
2017-03-23,Jakarta Pusat,Pagi,Hujan Lokal,70 - 95,24 - 30
2017-03-23,Jakarta Utara,Pagi,Hujan Lokal,70 - 95,24 - 30
2017-03-23,Jakarta Timur,Siang,Hujan Sedang,70 - 95,24 - 30
2017-03-23,Jakarta Barat,Siang,Hujan Sedang,70 - 95,24 - 30
2017-03-23,Jakarta Selatan,Siang,Hujan Sedang,70 - 95,24 - 30
2017-03-23,Kepulauan Seribu,Siang,Hujan Petir,70 - 95,24 - 30
2017-03-23,Jakarta Pusat,Siang,Hujan Sedang,70 - 95,24 - 30
2017-03-23,Jakarta Utara,Siang,Hujan Petir,70 - 95,24 - 30
2017-03-23,Jakarta Timur,Malam,Hujan Ringan,70 - 95,24 - 30
2017-03-23,Jakarta Barat,Malam,Hujan Sedang,70 - 95,24 - 30
2017-03-23,Jakarta Selatan,Malam,Hujan Ringan,70 - 95,24 - 30
2017-03-23,Kepulauan Seribu,Malam,Hujan Petir,70 - 95,24 - 30
2017-03-23,Jakarta Pusat,Malam,Hujan Sedang,70 - 95,24 - 30
2017-03-23,Jakarta Utara,Malam,Hujan Petir,70 - 95,24 - 30
2017-03-23,Jakarta Timur,Dini Hari,Hujan Ringan,70 - 95,24 - 30
2017-03-23,Jakarta Barat,Dini Hari,Hujan Ringan,70 - 95,24 - 30
2017-03-23,Jakarta Selatan,Dini Hari,Hujan Ringan,70 - 95,24 - 30
2017-03-23,Kepulauan Seribu,Dini Hari,Hujan Petir,70 - 95,24 - 30
2017-03-23,Jakarta Pusat,Dini Hari,Hujan Ringan,70 - 95,24 - 30
2017-03-23,Jakarta Utara,Dini Hari,Hujan Sedang,70 - 95,24 - 30
2017-03-24,Jakarta Timur,Pagi,Hujan Lokal,75 - 100,24 - 31
2017-03-24,Jakarta Barat,Pagi,Hujan Lokal,75 - 100,24 - 31
2017-03-24,Jakarta Selatan,Pagi,Hujan Sedang,75 - 100,24 - 31
2017-03-24,Kepulauan Seribu,Pagi,Berawan,75 - 100,24 - 31
2017-03-24,Jakarta Pusat,Pagi,Hujan Lokal,75 - 100,24 - 31
2017-03-24,Jakarta Utara,Pagi,Hujan Lokal,75 - 100,24 - 31
2017-03-24,Jakarta Timur,Siang,Hujan Lokal,75 - 100,24 - 31
2017-03-24,Jakarta Barat,Siang,Hujan Lokal,75 - 100,24 - 31
2017-03-24,Jakarta Selatan,Siang,Hujan Lokal,75 - 100,24 - 31
2017-03-24,Kepulauan Seribu,Siang,Hujan Lokal,75 - 100,24 - 31
2017-03-24,Jakarta Pusat,Siang,Berawan Tebal,75 - 100,24 - 31
2017-03-24,Jakarta Utara,Siang,Berawan Tebal,75 - 100,24 - 31
2017-03-24,Jakarta Timur,Malam,Berawan Tebal,75 - 100,24 - 31
2017-03-24,Jakarta Barat,Malam,Hujan Lokal,75 - 100,24 - 31
2017-03-24,Jakarta Selatan,Malam,Berawan Tebal,75 - 100,24 - 31
2017-03-24,Kepulauan Seribu,Malam,Hujan Lokal,75 - 100,24 - 31
2017-03-24,Jakarta Pusat,Malam,Berawan Tebal,75 - 100,24 - 31
2017-03-24,Jakarta Utara,Malam,Hujan Lokal,75 - 100,24 - 31
2017-03-24,Jakarta Timur,Dini Hari,Berawan Tebal,75 - 100,24 - 31
2017-03-24,Jakarta Barat,Dini Hari,Berawan Tebal,75 - 100,24 - 31
2017-03-24,Jakarta Selatan,Dini Hari,Berawan Tebal,75 - 100,24 - 31
2017-03-24,Kepulauan Seribu,Dini Hari,Berawan Tebal,75 - 100,24 - 31
2017-03-24,Jakarta Pusat,Dini Hari,Berawan Tebal,75 - 100,24 - 31
2017-03-24,Jakarta Utara,Dini Hari,Berawan Tebal,75 - 100,24 - 31
2017-03-25,Jakarta Timur,Pagi,Hujan Petir,70 - 90,25 - 31
2017-03-25,Jakarta Barat,Pagi,Hujan Lokal,70 - 90,25 - 31
2017-03-25,Jakarta Selatan,Pagi,Hujan Petir,70 - 90,25 - 31
2017-03-25,Kepulauan Seribu,Pagi,Cerah Berawan,70 - 90,25 - 31
2017-03-25,Jakarta Pusat,Pagi,Hujan Lokal,70 - 90,25 - 31
2017-03-25,Jakarta Utara,Pagi,Cerah Berawan,70 - 90,25 - 31
2017-03-25,Jakarta Timur,Siang,Berawan Tebal,70 - 90,25 - 31
2017-03-25,Jakarta Barat,Siang,Hujan Lokal,70 - 90,25 - 31
2017-03-25,Jakarta Selatan,Siang,Berawan Tebal,70 - 90,25 - 31
2017-03-25,Kepulauan Seribu,Siang,Hujan Petir,70 - 90,25 - 31
2017-03-25,Jakarta Pusat,Siang,Berawan Tebal,70 - 90,25 - 31
2017-03-25,Jakarta Utara,Siang,Berawan Tebal,70 - 90,25 - 31
2017-03-25,Jakarta Timur,Malam,Hujan Sedang,70 - 90,25 - 31
2017-03-25,Jakarta Barat,Malam,Hujan Petir,70 - 90,25 - 31
2017-03-25,Jakarta Selatan,Malam,Hujan Ringan,70 - 90,25 - 31
2017-03-25,Kepulauan Seribu,Malam,Hujan Petir,70 - 90,25 - 31
2017-03-25,Jakarta Pusat,Malam,Hujan Sedang,70 - 90,25 - 31
2017-03-25,Jakarta Utara,Malam,Hujan Petir,70 - 90,25 - 31
2017-03-25,Jakarta Timur,Dini Hari,Berawan Tebal,70 - 90,25 - 31
2017-03-25,Jakarta Barat,Dini Hari,Hujan Lokal,70 - 90,25 - 31
2017-03-25,Jakarta Selatan,Dini Hari,Berawan Tebal,70 - 90,25 - 31
2017-03-25,Kepulauan Seribu,Dini Hari,Hujan Lokal,70 - 90,25 - 31
2017-03-25,Jakarta Pusat,Dini Hari,Hujan Lokal,70 - 90,25 - 31
2017-03-25,Jakarta Utara,Dini Hari,Hujan Lokal,70 - 90,25 - 31
2017-03-26,Jakarta Timur,Pagi,Hujan Petir,65 - 95,24 - 32
2017-03-26,Jakarta Barat,Pagi,Hujan Lokal,65 - 95,24 - 32
2017-03-26,Jakarta Selatan,Pagi,Hujan Petir,65 - 95,24 - 32
2017-03-26,Kepulauan Seribu,Pagi,Cerah Berawan,65 - 95,24 - 32
2017-03-26,Jakarta Pusat,Pagi,Hujan Lokal,65 - 95,24 - 32
2017-03-26,Jakarta Utara,Pagi,Cerah Berawan,65 - 95,24 - 32
2017-03-26,Jakarta Timur,Siang,Berawan,65 - 95,24 - 32
2017-03-26,Jakarta Barat,Siang,Berawan,65 - 95,24 - 32
2017-03-26,Jakarta Selatan,Siang,Berawan,65 - 95,24 - 32
2017-03-26,Kepulauan Seribu,Siang,Hujan Petir,65 - 95,24 - 32
2017-03-26,Jakarta Pusat,Siang,Berawan,65 - 95,24 - 32
2017-03-26,Jakarta Utara,Siang,Berawan,65 - 95,24 - 32
2017-03-26,Jakarta Timur,Malam,Hujan Sedang,65 - 95,24 - 32
2017-03-26,Jakarta Barat,Malam,Hujan Ringan,65 - 95,24 - 32
2017-03-26,Jakarta Selatan,Malam,Hujan Ringan,65 - 95,24 - 32
2017-03-26,Kepulauan Seribu,Malam,Hujan Petir,65 - 95,24 - 32
2017-03-26,Jakarta Pusat,Malam,Hujan Sedang,65 - 95,24 - 32
2017-03-26,Jakarta Utara,Malam,Hujan Sedang,65 - 95,24 - 32
2017-03-26,Jakarta Timur,Dini Hari,Berawan,65 - 95,24 - 32
2017-03-26,Jakarta Barat,Dini Hari,Hujan Lokal,65 - 95,24 - 32
2017-03-26,Jakarta Selatan,Dini Hari,Berawan,65 - 95,24 - 32
2017-03-26,Kepulauan Seribu,Dini Hari,Hujan Lokal,65 - 95,24 - 32
2017-03-26,Jakarta Pusat,Dini Hari,Hujan Lokal,65 - 95,24 - 32
2017-03-26,Jakarta Utara,Dini Hari,Hujan Lokal,65 - 95,24 - 32
2017-03-27,Jakarta Timur,Pagi,Hujan Sedang,75 - 95,24 - 32
2017-03-27,Jakarta Barat,Pagi,Hujan Sedang,75 - 95,24 - 32
2017-03-27,Jakarta Selatan,Pagi,Hujan Petir,75 - 95,24 - 32
2017-03-27,Kepulauan Seribu,Pagi,Hujan Ringan,75 - 95,24 - 32
2017-03-27,Jakarta Pusat,Pagi,Hujan Sedang,75 - 95,24 - 32
2017-03-27,Jakarta Utara,Pagi,Hujan Ringan,75 - 95,24 - 32
2017-03-27,Jakarta Timur,Siang,Hujan Lokal,75 - 95,24 - 32
2017-03-27,Jakarta Barat,Siang,Hujan Ringan,75 - 95,24 - 32
2017-03-27,Jakarta Selatan,Siang,Hujan Lokal,75 - 95,24 - 32
2017-03-27,Kepulauan Seribu,Siang,Hujan Sedang,75 - 95,24 - 32
2017-03-27,Jakarta Pusat,Siang,Hujan Ringan,75 - 95,24 - 32
2017-03-27,Jakarta Utara,Siang,Hujan Sedang,75 - 95,24 - 32
2017-03-27,Jakarta Timur,Malam,Cerah,75 - 95,24 - 32
2017-03-27,Jakarta Barat,Malam,Cerah Berawan,75 - 95,24 - 32
2017-03-27,Jakarta Selatan,Malam,Cerah,75 - 95,24 - 32
2017-03-27,Kepulauan Seribu,Malam,Berawan,75 - 95,24 - 32
2017-03-27,Jakarta Pusat,Malam,Berawan,75 - 95,24 - 32
2017-03-27,Jakarta Utara,Malam,Berawan,75 - 95,24 - 32
2017-03-27,Jakarta Timur,Dini Hari,Cerah Berawan,75 - 95,24 - 32
2017-03-27,Jakarta Barat,Dini Hari,Cerah Berawan,75 - 95,24 - 32
2017-03-27,Jakarta Selatan,Dini Hari,Cerah Berawan,75 - 95,24 - 32
2017-03-27,Kepulauan Seribu,Dini Hari,Cerah Berawan,75 - 95,24 - 32
2017-03-27,Jakarta Pusat,Dini Hari,Cerah Berawan,75 - 95,24 - 32
2017-03-27,Jakarta Utara,Dini Hari,Cerah Berawan,75 - 95,24 - 32
2017-03-28,Jakarta Timur,Pagi,Hujan Ringan,65 - 95,24 - 32
2017-03-28,Jakarta Barat,Pagi,Hujan Ringan,65 - 95,24 - 32
2017-03-28,Jakarta Selatan,Pagi,Hujan Petir,65 - 95,24 - 32
2017-03-28,Kepulauan Seribu,Pagi,Cerah Berawan,65 - 95,24 - 32
2017-03-28,Jakarta Pusat,Pagi,Hujan Ringan,65 - 95,24 - 32
2017-03-28,Jakarta Utara,Pagi,Hujan Lokal,65 - 95,24 - 32
2017-03-28,Jakarta Timur,Siang,Hujan Lokal,65 - 95,24 - 32
2017-03-28,Jakarta Barat,Siang,Hujan Lokal,65 - 95,24 - 32
2017-03-28,Jakarta Selatan,Siang,Hujan Lokal,65 - 95,24 - 32
2017-03-28,Kepulauan Seribu,Siang,Cerah Berawan,65 - 95,24 - 32
2017-03-28,Jakarta Pusat,Siang,Hujan Lokal,65 - 95,24 - 32
2017-03-28,Jakarta Utara,Siang,Hujan Lokal,65 - 95,24 - 32
2017-03-28,Jakarta Timur,Malam,Berawan,65 - 95,24 - 32
2017-03-28,Jakarta Barat,Malam,Berawan,65 - 95,24 - 32
2017-03-28,Jakarta Selatan,Malam,Berawan,65 - 95,24 - 32
2017-03-28,Kepulauan Seribu,Malam,Hujan Lokal,65 - 95,24 - 32
2017-03-28,Jakarta Pusat,Malam,Cerah Berawan,65 - 95,24 - 32
2017-03-28,Jakarta Utara,Malam,Cerah Berawan,65 - 95,24 - 32
2017-03-28,Jakarta Timur,Dini Hari,Cerah Berawan,65 - 95,24 - 32
2017-03-28,Jakarta Barat,Dini Hari,Cerah Berawan,65 - 95,24 - 32
2017-03-28,Jakarta Selatan,Dini Hari,Cerah Berawan,65 - 95,24 - 32
2017-03-28,Kepulauan Seribu,Dini Hari,Hujan Lokal,65 - 95,24 - 32
2017-03-28,Jakarta Pusat,Dini Hari,Cerah Berawan,65 - 95,24 - 32
2017-03-28,Jakarta Utara,Dini Hari,Cerah Berawan,65 - 95,24 - 32
2017-03-29,Jakarta Timur,Pagi,Hujan Petir,80 - 95,24 - 34
2017-03-29,Jakarta Barat,Pagi,Hujan Sedang,80 - 95,24 - 34
2017-03-29,Jakarta Selatan,Pagi,Hujan Petir,80 - 95,24 - 34
2017-03-29,Kepulauan Seribu,Pagi,Berawan Tebal,80 - 95,24 - 34
2017-03-29,Jakarta Pusat,Pagi,Hujan Petir,80 - 95,24 - 34
2017-03-29,Jakarta Utara,Pagi,Hujan Sedang,80 - 95,24 - 34
2017-03-29,Jakarta Timur,Siang,Hujan Lokal,80 - 95,24 - 34
2017-03-29,Jakarta Barat,Siang,Berawan Tebal,80 - 95,24 - 34
2017-03-29,Jakarta Selatan,Siang,Hujan Lokal,80 - 95,24 - 34
2017-03-29,Kepulauan Seribu,Siang,Berawan Tebal,80 - 95,24 - 34
2017-03-29,Jakarta Pusat,Siang,Hujan Lokal,80 - 95,24 - 34
2017-03-29,Jakarta Utara,Siang,Hujan Lokal,80 - 95,24 - 34
2017-03-29,Jakarta Timur,Malam,Cerah Berawan,80 - 95,24 - 34
2017-03-29,Jakarta Barat,Malam,Cerah Berawan,80 - 95,24 - 34
2017-03-29,Jakarta Selatan,Malam,Cerah Berawan,80 - 95,24 - 34
2017-03-29,Kepulauan Seribu,Malam,Hujan Lokal,80 - 95,24 - 34
2017-03-29,Jakarta Pusat,Malam,Cerah Berawan,80 - 95,24 - 34
2017-03-29,Jakarta Utara,Malam,Cerah Berawan,80 - 95,24 - 34
2017-03-29,Jakarta Timur,Dini Hari,Cerah,80 - 95,24 - 34
2017-03-29,Jakarta Barat,Dini Hari,Cerah,80 - 95,24 - 34
2017-03-29,Jakarta Selatan,Dini Hari,Cerah,80 - 95,24 - 34
2017-03-29,Kepulauan Seribu,Dini Hari,Cerah,80 - 95,24 - 34
2017-03-29,Jakarta Pusat,Dini Hari,Cerah,80 - 95,24 - 34
2017-03-29,Jakarta Utara,Dini Hari,Cerah,80 - 95,24 - 34
2017-03-30,Jakarta Timur,Pagi,Hujan Petir,80 - 95,24 - 32
2017-03-30,Jakarta Barat,Pagi,Hujan Sedang,80 - 95,24 - 32
2017-03-30,Jakarta Selatan,Pagi,Hujan Petir,80 - 95,24 - 32
2017-03-30,Kepulauan Seribu,Pagi,Berawan Tebal,80 - 95,24 - 32
2017-03-30,Jakarta Pusat,Pagi,Hujan Petir,80 - 95,24 - 32
2017-03-30,Jakarta Utara,Pagi,Hujan Sedang,80 - 95,24 - 32
2017-03-30,Jakarta Timur,Siang,Berawan,80 - 95,24 - 32
2017-03-30,Jakarta Barat,Siang,Hujan Lokal,80 - 95,24 - 32
2017-03-30,Jakarta Selatan,Siang,Berawan,80 - 95,24 - 32
2017-03-30,Kepulauan Seribu,Siang,Hujan Lokal,80 - 95,24 - 32
2017-03-30,Jakarta Pusat,Siang,Berawan,80 - 95,24 - 32
2017-03-30,Jakarta Utara,Siang,Hujan Lokal,80 - 95,24 - 32
2017-03-30,Jakarta Timur,Malam,Cerah Berawan,80 - 95,24 - 32
2017-03-30,Jakarta Barat,Malam,Cerah Berawan,80 - 95,24 - 32
2017-03-30,Jakarta Selatan,Malam,Cerah Berawan,80 - 95,24 - 32
2017-03-30,Kepulauan Seribu,Malam,Hujan Lokal,80 - 95,24 - 32
2017-03-30,Jakarta Pusat,Malam,Cerah Berawan,80 - 95,24 - 32
2017-03-30,Jakarta Utara,Malam,Cerah Berawan,80 - 95,24 - 32
2017-03-30,Jakarta Timur,Dini Hari,Cerah,80 - 95,24 - 32
2017-03-30,Jakarta Barat,Dini Hari,Cerah,80 - 95,24 - 32
2017-03-30,Jakarta Selatan,Dini Hari,Cerah,80 - 95,24 - 32
2017-03-30,Kepulauan Seribu,Dini Hari,Cerah,80 - 95,24 - 32
2017-03-30,Jakarta Pusat,Dini Hari,Cerah,80 - 95,24 - 32
2017-03-30,Jakarta Utara,Dini Hari,Cerah,80 - 95,24 - 32
2017-03-31,Jakarta Timur,Pagi,Hujan Petir,75 - 100,24 - 33
2017-03-31,Jakarta Barat,Pagi,Hujan Petir,75 - 100,24 - 33
2017-03-31,Jakarta Selatan,Pagi,Hujan Petir,75 - 100,24 - 33
2017-03-31,Kepulauan Seribu,Pagi,Hujan Lokal,75 - 100,24 - 33
2017-03-31,Jakarta Pusat,Pagi,Hujan Lokal,75 - 100,24 - 33
2017-03-31,Jakarta Utara,Pagi,Hujan Lokal,75 - 100,24 - 33
2017-03-31,Jakarta Timur,Siang,Hujan Ringan,75 - 100,24 - 33
2017-03-31,Jakarta Barat,Siang,Hujan Lokal,75 - 100,24 - 33
2017-03-31,Jakarta Selatan,Siang,Hujan Ringan,75 - 100,24 - 33
2017-03-31,Kepulauan Seribu,Siang,Hujan Lokal,75 - 100,24 - 33
2017-03-31,Jakarta Pusat,Siang,Hujan Lokal,75 - 100,24 - 33
2017-03-31,Jakarta Utara,Siang,Hujan Lokal,75 - 100,24 - 33
2017-03-31,Jakarta Timur,Malam,Cerah Berawan,75 - 100,24 - 33
2017-03-31,Jakarta Barat,Malam,Cerah Berawan,75 - 100,24 - 33
2017-03-31,Jakarta Selatan,Malam,Cerah Berawan,75 - 100,24 - 33
2017-03-31,Kepulauan Seribu,Malam,Hujan Lokal,75 - 100,24 - 33
2017-03-31,Jakarta Pusat,Malam,Cerah Berawan,75 - 100,24 - 33
2017-03-31,Jakarta Utara,Malam,Cerah Berawan,75 - 100,24 - 33
2017-03-31,Jakarta Timur,Dini Hari,Cerah Berawan,75 - 100,24 - 33
2017-03-31,Jakarta Barat,Dini Hari,Cerah Berawan,75 - 100,24 - 33
2017-03-31,Jakarta Selatan,Dini Hari,Cerah Berawan,75 - 100,24 - 33
2017-03-31,Kepulauan Seribu,Dini Hari,Cerah Berawan,75 - 100,24 - 33
2017-03-31,Jakarta Pusat,Dini Hari,Cerah Berawan,75 - 100,24 - 33
2017-03-31,Jakarta Utara,Dini Hari,Cerah Berawan,75 - 100,24 - 33
